cluster,WhiteElo,Centipawns,ThinkingTime
5,0.41732378763335237,0.5004406639819134,0.48289832763199964
