cluster,WhiteElo,Centipawns,ThinkingTime
0,0.5020557320330865,0.500502338957948,0.4829133512447864
