cluster,WhiteElo,Centipawns,ThinkingTime
1,0.7685241190014555,0.5005947855655507,0.4829682305523637
