cluster,WhiteElo,Centipawns,ThinkingTime
4,0.4565144804736501,0.6877612615903024,0.4826069806143384
