cluster,WhiteElo,Centipawns,ThinkingTime
3,0.2353148859142811,0.5008118266824513,0.4828779704900854
