cluster,WhiteElo,Centipawns,ThinkingTime
2,0.13223406291046536,0.5005266218979808,0.4828703129540805
