cluster,WhiteElo,Centipawns,ThinkingTime
9,0.5872780867392177,0.5004374656462465,0.48293409974565354
