cluster,WhiteElo,Centipawns,ThinkingTime
6,0.8695775955569789,0.5007269519681271,0.4829661709130934
