cluster,WhiteElo,Centipawns,ThinkingTime
7,0.6749600648541904,0.5005450099197609,0.48295400503106595
