cluster,WhiteElo,Centipawns,ThinkingTime
8,0.3297884379585232,0.5006058708959823,0.48288209335939236
